http://image.gsfc.nasa.gov/image_contact_list.html

   IMAGE
   Contact List
   Contact List
      I m a g e r   f o r   M a g n e t o p a u s e - t o - A u r o r a
   G l o b a l   E x p l o r a t i o n
   Image of IMAGE in space

   | A | B | C | D | E | F | G | H | I | J | K | L | M |
   | N | O | P | Q | R | S | T | U | V | W | X | Y | Z |


   A
        __________________________________________________________________

B

   Barker, Phil - Mr.
   LANL
   NIS-1
   Mail Stop D-466
   Los Alamos, NM 87545
   Phone: 505-667-0057
   Fax: 505-665-7395
   email: pbarker@lanl.gov

   Battel, Steve
   Battel Engineering
   10020 North 58th Street
   Scottsdale, AZ 85253
   Phone: 602-991-9747
   Fax: 602-991-9748
   email: bateng@indirect.com

   Bell, Ed - Dr.
   NASA Goddard Space Flight Center
   Code 633
   Greenbelt, MD 20771
   Phone: 301-286-1187
   Fax: 301-286-1771
   email: ed.bell@gsfc.nasa.gov

   Benson, Robert F. - Dr.
   NASA Goddard Space Flight Center
   Code 692
   Greenbelt, MD 20771
   Phone: 301-286-4037
   Home: 301-572-7270
   Fax: 301-286-1683
   email: Lepvax::U2rfb

   Boardsen, Scott - Dr.
   NASA Goddard Space Flight Center
   Code 632
   Greenbelt, MD 20771
   Phone: 301-286-0837
   Fax: 301-286-1771
   email: scott.boardsen@gsfc.nasa.gov

   Bochsler, Peter - Dr.
   University of Bern
   Physikal Institute
   Sidlerstr 5
   CH-3012 Bern
   Switzerland
   Phone: 41-316314429
   Fax: 41-316314405
   email: bochsler@phim.unibe.ch

   Boroumand, Sepideh S.
   NASA Goddard Space Flight Center
   Code 934
   Greenbelt, MD 20771
   Phone: 301-286-7774
   Fax: 301-286-1777
   email: sepideh.boroumand@gsfc.nasa.gov
   pager: 800-310-9718, tone, # to call, #, #
   Home: 703-759-0499

   Bougeret, Jean-Louis
   Observatoire de Paris - Meudon
   DESPA (Department Recherche Spatiale)
   - URA CNRS 264
   F-92195 MEUDON Cedex
   FRANCE
   Phone: 33-1-4507-7704
   Fax: 33-1-4507-2806
   email: bougeret@obspm.fr

   Brandt, Pontus - Dr.
   Johns Hopkins University
   Applied Physics Laboratory
   11100 Johns Hopkins Rd
   Laurel, MD 20723-6099
   Phone: 240-228-3837
   Fax: 240-228-6670
   email: brandpc1@brandts-pc.jhuapl.edu

   Broadfoot, Lyle - Dr.
   University of Arizona
   Lunar & Planetary Laboratory
   901 Gould Simpson Bldg.
   Tucson, AZ 85721
   Phone: 520-621-4303
   Fax: 520-621-8364
   email: broadfoot@vega.lpl.arizona.edu

   Burch, James L. (Wife - Kathy)
   Southwest Research Institute
   P.O. Drawer 28510
   San Antonio, TX 78228-0510
   Fedex Address:
   6220 Culebra Road
   San Antonio, TX 78238
   Office: 210-522-2526
   Home: 210-824-2971
   Fax: 210-520-9935
   Fax: 210-647-4325 (alt)
   email: Jburch@swri.edu

   Burley, Rick
   NASA Goddard Space Flight Center
   Code 632
   Greenbelt, MD 20771
   Phone: 301-286-2864
   Home Phone: 410-626-8208
   Fax: 301-286-1771
   email: rick.burley@gsfc.nasa.gov
     __________________________________________________________________

C

   Calabrese, Mike - Dr.
   NASA Goddard Space Flight Center
   Code 404, Bldg. S128
   Greenbelt, MD 20771
   Phone: 301-286-0155
   Fax: 301-286-1697
   email: mcalabre@gsfc.nasa.gov

   Carpenter, Donald L. - Dr.
   Stanford University
   Star Laboratory
   Electrical Engineering Dept
   Stanford, CA 94305
   Phone: 650-723-3585
   Fax: 650-723-9251
   email: dlc@nova.stanford.edu
   Home : 650-327-8043
   Alt. Home: 650-329-9158

   Chippie, Michelle
   Contracts Officer
   Southwest Research Institute
   6220 Culebra Road
   P.O. Drawer 28510
   San Antonio, TX 78284-0510
   Office: 210-522-
   Fax: 210-520-
   Fax: 210-647-4 (alt)
   email: mchippie@swri.edu

   Chiu, Y. T. - Dr.
   Lockheed - Martin
   Advanced Technology Center
   Dept. 91 20, Bldg. 252
   3251 Hanover St.
   Palo Alto, CA 94304-1191
   Phone: 650-424-3421
   Fax: 650-424-2539
   email:

   Chornay, Dennis J. - Dr.
   NASA Goddard Space Flight Center
   Code 695
   Greenbelt, MD 20771
   Phone: 301-286-2588
   Fax: 301-286-1683
   email: chornay@lepdc3.gsfc.nasa.gov

   Claffy, Richard
   NASA Goddard Space Flight Center
   Code 303
   Greenbelt, MD 20771
   Phone: 301-286-7866
   Fax: 301-286-1698
   email: rclaffy@gsfc.nasa.gov

   Cogger, Leroy L. - Dr.
   University of Calgary
   Dept. Physics
   2500 University Drive NW
   Calgary AB T2N 1N4
   Canada
   Phone: 403-220-5386
   Fax: 403-289-3331
   email: cogger@phys.ucalgary.ca

   Collier, Michael R. - Dr.
   NASA Goddard Space Flight Center
   Code 692
   Greenbelt, MD 20771
   Phone: 301-286-5256
   Home: 301-486-1422
   Fax: 301-286-1648
   email: collier@lepjas.gsfc.nasa.gov

   Crawford, Bob F. - Dr.
   AEC - Able Engineering Co.
   PO Box 588
   93 Castilian Dr.
   Goleta, CA 93117
   Phone: 805-685-2262
   Fax: 805-685-1369
   email: bcrawford@aec-able.com

   Curtis, Charles C. - Dr.
   University of Arizona
   Dept. Physics
   Tucson, AZ 85721
   Phone: 520-621-6770
   Fax: 520-621-4721
   email: curtis@physics.arizona.edu
     __________________________________________________________________

D

   Davis, William
   NASA Goddard Space Flight Center
   Code 410
   Greenbelt, MD 20771
   Phone: 301-286-3038
   Fax: 301-286-1698
   email: william.d.davis.1@gsfc.nasa.gov
     __________________________________________________________________

E

   Eaker, Nick
   SWRI
   6200 Culebra Road
   P.O. Drawer 28510
   San Antonio, TX 78284
   Office: 210-522-
   Fax: 210-647-4325
   email: Neaker@swri.edu

   Ericson, Heidi
   Lockheed Martin
   1111 Lockheed Way
   Sunnyvale, CA
   Phone: 408-756-5687
     __________________________________________________________________

F

   Figueroa, Orlando
   NASA Goddard Space Flight Center
   Code 410
   Greenbelt, MD 20771
   Phone: 301-286-4489
   Fax: 301-286-1698
   email: ofiguero@gsfc.nasa.gov

   Fok, Mei-Ching - Dr.
   NASA Goddard Space Flight Center
   Code 692
   Greenbelt, MD 20771
   Phone: 301-286-1083
   Fax: 301-286-1648
   email: fok@gsfc.nasa.gov

   Fung, Shing F. - Dr.
   NASA Goddard Space Flight Center
   Code 632
   Greenbelt, MD 20771
   Phone: 301-286-6301
   Fax: 301-286-1771
   email: shing.fung@gsfc.nasa.gov

   Funsten, Herb - Dr.
   LANL
   NIS-1
   Mail Stop D-466
   Los Alamos, NM 87545
   Phone: 505-665-4314
   email: hfunsten@lanl.gov

   Fuselier, Stephen - Dr.
   Lockheed - Martin
   Advanced Technology Center
   Dept. 91 20, Bldg. 255
   3251 Hanover St.
   Palo Alto, CA 94304-1191
   Phone: 650-424-3334
   Fax: 650-424-3333
   email: fuselier@mail.spasci.com
     __________________________________________________________________

G

   Galkin, Ivan A.
   University of Massachusetts - Lowell
   Center for Atmospheric Research
   600 Suffolk Street
   Lowell, MA 01854
   Phone: 978-934-4912
   email: Ivan_Galkin@uml.edu

   Gallagher, Dennis L. - Dr.
   Code SD50
   Marshall Space Flight Center
   Huntsville, AL 35812
   Phone: 256-961-7687
   Fax: 256-961-7215
   email: Ssl::Gallagher or
   email: dennis.gallagher@msfc.nasa.gov
   Home Phone: 256-881-7491

   Garner, Bob
   Lockheed Martin
   1111 Lockheed Way
   Sunnyvale, CA
   Phone: 408-742-3471
   email: garner_robert@mm.ssd.lmsc.lockheed.com

   Gerard, Jean-Claude - Dr.
   University of Liege
   Inst. Astrophysique
   Ave. Cointe 5
   B-4000 Liege-Cointe
   Belgium
   Phone: 32-41-529980
   Fax: 32-41-527474

   Ghielmetti, A. G. - Dr.
   Lockheed - Martin
   Advanced Technology Center
   Dept. 91 20, Bldg. 255
   3251 Hanover St.
   Palo Alto, CA 94304-1191
   Phone: 650-424-2042
   Fax: 650-424-3333
   email: bratschi@phim.unibe.ch
   (gmetti@spasci.com)

   Gibson, Bill
   Southwest Research Institute
   6200 Culebra Road
   P.O. Drawer 28510
   San Antonio, TX 78284
   Phone: 210-522-2700
   Secretary: 210-522-2109
   Fax: 210-647-4325
   email: Bgibson@swri.edu
   Pager: 800-Sky-Page, 801-5446
   Home Phone: 210-755-8641

   Gladstone, Randy - Dr.
   Southwest Research Institute
   P.O. Drawer 28510
   San Antonio, TX 78228-0510
   6220 Culebra Road
   San Antonio, TX 78238
   Phone: 210-522-3581
   Fax: 210-647-4325
   email: randy@whistler.space.swri.edu

   Goldin, Robert
   Systems Engineer
   Lockheed Martin
   1111 Lockheed Way
   Sunnyvale, CA
   Phone: 408-742-1901
   email: Goldin_Robert@mm.ssd.lmsc.lockheed.com

   Goldstein, Jerry
   Department of Physics and Astronomy
   Box 1892
   Rice University
   MS 108
   Houston, TX 77251-1892
   Phone: 713-348-3409
   Fax: 713-348-5143
   email: jerru@hydra.rice.edu

   Grande, Manuel - Dr.
   Rutherford Appleton Laboratory
   Chilton, Didcot
   Oxfordshire OX11 0QX
   England
   Phone: 44-1235-446501
   Fax: 44-1235-446509
   email: m.grande@rl.ac.uk

   Green, James L. - Dr.
   NASA Goddard Space Flight Center
   Code 630
   Greenbelt, MD 20771
   Phone: 301-286-7354
   Fax: 301-286-1771
   email: james.l.green@gsfc.nasa.gov
   Home Phone: 301-236-9644

   Gupta, Brian
   SWRI
   6200 Culebra Road
   P.O. Drawer 28510
   San Antonio, TX 78284
   Phone: 210-522-2947
   email: bgupta@swri.edu

   Gurgiolo, Chris
   Bitterroot Basic Research, Inc.
   837 Westside Rd.
   Hamilton, MT 59840
   Phone: 406-363-6163
   email: chrisg@cybernet1.com
     __________________________________________________________________

H

   Habraken, Serge, Dr.
   Central Spatial de Liege
   University of Liege
   Parc Scientifique du Sart Tilman
   Avenue du Pre-Ally
   B-4031 Angleur
   Belgium
   Phone: 32-41-676668
   Fax: 32-41-675613
   email: cslulg@vml.ulg.ac.be

   Haines, D. Mark - Dr.
   Center for Atmospheric Research
   450 Aiken Street
   University of Massachusetts at Lowell
   Lowell, Ma 01854
   reinisch@Cae.Uml.Edu
   Phone: 508-458-2504
   Fax: 508-453-6586
   email: hainesm@cae.uml.edu

   Hamilton, Doug - Dr.
   University of Maryland
   Dept. Physics
   College Park, MD 20742
   Phone: 301-405-6207
   Fax: 301-314-9547
   email: hamilton@sampx2.umd.edu

   Hartnett, Kevin
   NASA Goddard Space Flight Center
   Code 510.2
   Greenbelt, MD 20771
   Phone: 301-286-6064
   Fax: 301-286-1690
   email: kevin.harnett@gsfc.nasa.gov

   Heinemann, Gary
   AEC - Able Engineering Co.
   PO Box 588
   93 Castilian Dr.
   Goleta, CA 93117
   Phone: 805-685-2262
   Fax: 805-685-1369
   email: gheinemann@aec-able.com

   Hendrix, Susan
   NASA Goddard Space Flight Center
   Mailstop 130.0
   Greenbelt, MD 20771
   Phone: 301-286-7745
   Fax: 301-286-1707
   email: hendrix@pop100.gsfc.nasa.gov

   Henize, Vance
   Rice Space Institute
   Rice University MS-108
   6100 S. Main Street
   Houston TX, 77005
   email: henize@spacsun.rice.edu

   Herrero, Fred - Dr.
   NASA Goddard Space Flight Center
   Code 534
   Greenbelt, MD 20771
   Phone: 301-286-5660
   Fax: 301-286-1648
   email: herrero@gsfc.nasa.gov

   Hsieh, Johnny - Dr.
   University of Arizona
   Dept. Physics
   Tucson, AZ 85721
   Phone: 520-621-6772
   Fax: 520-621-4721
   email: hsieh@physics.arizona.edu
     __________________________________________________________________

I
     __________________________________________________________________

J

   Jahn, Jörg-Micha - Dr.
   Space Science Department
   Southwest Research Institute
   6220 Culebra Road
   San Antonio, TX 78238-5166
   Phone: 210-522-2491
   Fax: 210-520-9935
   email: jmj@swri.org

   Jamar, C. - Dr.
   Centre Spatial de Liege
   University of Liege
   Parc Scientifique du Sart Tilman
   Avenue du Pre-Ally
   B-4031 Angleur
   Belgium
   Phone: 32-41-676668
   Fax: 32-41-675613
   email: cslulg@vm1.ulg.ac.be

   Johnson, Judith
   NASA Goddard Space Flight Center
   Code 696
   Greenbelt, MD 20771
   Phone: 301-286-4888
   Fax: 301-286-1648
   email: judith.a.johnson.1@gsfc.nasa.gov
     __________________________________________________________________

K

   Kellogg, James
   NASA Goddard Space Flight Center
   Code 741
   Greenbelt, MD 20771
   Phone: 301-286-4966
   Fax: 301-286-1673
   email: jkellogg@gsfc.nasa.gov

   King, Robert A. - Dr.
   University of Arizona
   Lunar & Planetary Laboratory
   901 Gould Simpson Bldg.
   Tucson, AZ 85721
   Phone: 520-621-8145
   Fax: 520-621-8364
   email: bob@vega.lpl.arizona.edu
     __________________________________________________________________

L

   Lobell, Jim - Dr.
   NASA Goddard Space Flight Center
   Code 692
   Greenbelt, MD 20771
   Phone: 301-286-7186
   Fax: 301-286-0212
   email james.lobell@gsfc.nasa.gov
     __________________________________________________________________

M

   McComas, Dave - Dr.
   LANL
   NIS-1
   Mail Stop D-466
   Los Alamos, NM 87545
   Phone: 505-667-0138
   Fax: 505-665-7395
   email: dmccomas@lanl.gov

   Manning, Robert
   Observatoire de Paris - Meudon
   DESPA (Department Recherche Spatiale)
   URA CNRS 264
   F-92195 MEUDON Cedex
   FRANCE
   Phone: 33-1-4507-7686
   Phone/telecon: 33-1-45-07-2803
   Fax: 33-1-4507-2806
   Home: 33-1-69-41-1739
   email: manning@obspm.fr

   Mende, Stephen - Dr.
   U. C. Berkeley
   Space Sciences Laboratory
   Centennial Drive at Grizzly Peak Blvd.
   Berkeley, CA 94720-7450
   Phone: 510-642-0876
   Fax: 510-643-8302
   email: mende@ssl.berkeley.edu

   Moore, Tom - Dr.
   NASA Goddard Space Flight Center
   Code 692
   Greenbelt, MD 20771
   Phone: 301-286-5236
   Fax: 301-286-1683
   email: tmoore@lepvax.gsfc.nasa.gov

   Mitchell, Don - Dr.
   APL/JHU
   Johns Hopkins Road
   Room 24E159
   Laurel, MD 20723
   Phone: 240-228-5981
   Fax: 301-953-6670
   email: don_mitchell@jhuapl.edu

   Mukai, Toshi - Dr.
   ISAS
   3 1 1 Yoshinodai Sagamihara
   Kanagawa 229 Japan
   Phone: 81-34671111
   Fax: 81-427594236
   email: mukai@stp.isas.ac.jp

   Murphree, John S. - Dr.
   University of Calgary
   Physics and Astronomy Dept.
   Calgary AB T2N 1N4
   Canada
   Phone: 403-220-6349
   Fax: 403-289-3331
   email: murphree@phys.ucalgary.ca

   Myers, Steve
   Center for Atmospheric Research
   450 Aiken Street
   University of Massachusetts at Lowell
   Lowell, MA 01854
   Phone: 508-458-2504
   Fax: 508-453-6586
   email: reinisch@cae.uml.edu
     __________________________________________________________________

N
     __________________________________________________________________

O

   Odenwald, Sten F.
   NASA Goddard Space Flight Center
   Code 630
   Greenbelt, MD 20771
   Phone: 301-286-6953
   Fax: 301-286-1771
   email: sten.odenwald@gsfc.nasa.gov

   Olthof, Henk - Dr.
   ESA/ESTEC
   Holland
   Phone: 31-71-5654350
   Fax: 31-71-5654693
   email: holthof@estec.esa.nl

   Onsager, Terrance
   National Oceanic and Atmospheric Administration
   NOAA Space Environment Center
   325 Broadway R/E/SE
   Boulder, CO 80303
   Phone: 303-497-5713
   Fax: 303-497-3645
   email: tonsager@sec.noaa.gov
     __________________________________________________________________

P

   Perez, Joe - Dr.
   Auburn University
   Physics Department
   206 Allison Laboratory
   Auburn, AL 36849
   Phone: 334-844-4264
   Fax: 334-844-4613
   email: perez@physics.auburn.edu

   Pine, Bill
   Chaffey High School
   Ontario, CA 91762
   Phone: 909-988-5560, x287/8
   Home: 909-985-3844
   email: pine@ndadsb.gsfc.nasa.gov

   Pollock, Craig - Dr.
   Southwest Research Institute
   P.O. Drawer 28510
   San Antonio, TX 78228-0510
   Phone: 210-522-3978
   Fax: 210-520-9935
   email: cpollock@swri.edu
     __________________________________________________________________

Q

   Quinn, Jack - Dr.
   U. New Hampshire
   Space Science Center
   Morse Hall
   Durham, NH 03824
   Phone: 603-862-2976
   Fax: 603-862-0311
   email: jack.quinn@unh.edu
     __________________________________________________________________

R

   Reiff, Patricia H. -Prof.
   Dept. of Physics and Astronomy
   Box 1892
   Rice University
   MS 108
   Houston, TX 77251-1892
   Fax: 713-348-5143
   Phone: 713-527-4634
   email: reiff@rice.edu
   Home Phone: 713-665-5825

   Reinisch, Bodo W.
   Center for Atmospheric Research
   600 Suffolk Street
   University of Massachusetts at Lowell
   Lowell, MA 01854
   Phone: 978-934-4903
   Fax: 978-459-7915
   Home Phone: 617-275-0943
   email: Bodo_Reinisch@uml.edu

   Reyes, Ralph
   SWRI
   6200 Culebra Road
   P.O. Drawer 28510
   San Antonio, TX 78284
   Phone: 210-522-2731
   Fax: 210-647-4325
   pluto.space.swri.edu admin
   email: RReyes@swri.edu

   Roberson, Leah
   SWRI
   6200 Culebra Road
   P.O. Drawer 28510
   San Antonio, TX 78284
   Phone: 210-522-3236
   Fax: 210-522-4547
   email: lroberson@swri.edu

   Roelof, Edmond C., Dr.
   Applied Physics Laboratory
   Johns Hopkins University
   Laurel, MD 20723
   Phone: 240-228-5411
   email: roelof@jhuapl.edu
     __________________________________________________________________

S

   Sandel, Bill R. - Dr.
   University of Arizona
   Lunar & Planetary Laboratory
   1040 East Fourth St., Room 901
   Tucson, AZ 85721
   Phone: 520-621-4305
   Fax: 520-621-8364
   email: sandel@arizona.edu

   Scherrer, John R.
   SWRI
   6200 Culebra Road
   P.O. Drawer 28510
   San Antonio, TX 78284
   Phone: 210-522-3363
   Fax: 210-647-4325
   email: Jscherrer@swri.edu

   Schultz, Michael - Dr.
   Lockheed - Martin
   Advanced Technology Center
   Dept. 91 20, Bldg. 252
   3251 Hanover St.
   Palo Alto, CA 94304-1191
   Phone: 650-424-2659
   Fax: 650-424-2539
   email:

   Smith, Tom
   Briggs-Chaney Middle School
   Fax: 301-989-6020
   NASA Goddard Space Flight Center
   Code 630
   Greenbelt, MD 20771
   email: smith@ndadsb.gsfc.nasa.gov
   Phone: 301-286-0191
   5638 Thelo Garth
   Columbia MD 21045
   Home: 301-854-3922

   Sonwalkar, Vikas S.
   PO Box 755915
   211 Duckering Building
   Department of Electrical Engineering
   University of Alaska Fairbanks
   Fairbanks, AK 99775-5915
   Phone: 907-474-7276 (Office)
   Phone: 907-474-6584 (Laboratory)
   Fax: 907-474-5135
   email: ffvss@uaf.edu

   Spann, Jim - Dr.
   NASA Marshall Space Flight Center
   Code ES83
   Huntsville, AL 35812
   Phone: 256-544-5339
   Fax: 256-544-5244
   email: jim.spann@msfc.nasa.gov

   Stephen, Thomas M. - Dr.
   Department of Physics and Astronomy
   2112 E. Wesley Ave.
   University of Denver
   Denver, CO 80208
   Phone: 303-871-3541
   Fax: 303-871-4405
   email: tstephen@du.edu
     __________________________________________________________________

T

   Taylor, William W. L.
   NASA Goddard Space Flight Center
   Code 630
   Greenbelt, MD 20771
   Phone: 301-286-4136
   Fax: 301-286-1771
   email: bill.taylor@gsfc.nasa.gov
   Home Phone: 202-547-1364
   Home Fax: 202-547-6937

   Tom, James
   UCB
   Space Sciences Laboratory
   Centennial Drive at Grizzly Peak Blvd.
   Berkeley, CA 94720-7450
   Phone: 510-339-0373
   email: jimt@ssl.berkeley.edu

   Trainor, Jim - Dr.
   935 Driftwood Avenue
   Seal Beach, CA 90740
   Phone: 310-431-1788
   Fax: 310-431-3628
   email: jhtrainor@aol.com
     __________________________________________________________________

U
     __________________________________________________________________

V

   Vaccarello, Dale
   IMAGE Spacecraft Project Manager
   Lockheed Martin
   1111 Lockheed Way
   Sunnyvale, CA
   phone: 408-742-8699
   email: Vaccarello_dale@mm.ssd.lmsc.lockheed.com

   Volpe, Frank
   NASA Goddard Space Flight Center
   Code 410
   Greenbelt, MD 20771
   Phone: 301-286-7791
   Fax: 301-286-1698
   email: fvolpe@gsfc.nasa.gov

   Voss, Hank - Professor
   Taylor University
   Physics Department
   500 W. Reade Avenue
   Upland, IN 46989
   Phone: 317-998-4843
   Fax: 317-998-4844
   email: hnvoss@tayloru.edu
     __________________________________________________________________

W

   Webb, Phillip - Dr.
   NASA Goddard Space Flight Center
   Code 692
   Greenbelt, MD 20771
   Phone: 301-286-1251
   Fax: 301-286-1681
   email: pwebb@lepvax.gsfc.nasa.gov

   Williams, Dave - Dr.
   NASA Goddard Space Flight Center
   Code 633
   Greenbelt, MD 20771
   Phone: 301-286-1258
   Fax: 301-286-1771
   email: david.r.williams@gsfc.nasa.gov

   Wilson, Gordon - Dr.
   Mission Research Corporation
   589 West Hollis St., Suite 201
   Nashua, NH 03062
   Phone: 603-886-8860 x242
   Fax: 603-886-8861
   email: gwilson@mrcnh.com

   Wurz, P. - Dr.
   University of Bern
   Physikal Institute
   Sidlerstr 5
   CH-3012 Bern
   Switzerland
   Phone: 41-316313998
   Fax: 41-316314405
   email: wurz@soho.unibe.ch
     __________________________________________________________________

X
     __________________________________________________________________

Y

   Young, David T. - Dr.
   SWRI
   6200 Culebra Road
   P.O. Drawer 28510
   San Antonio, TX 78284
   Office: 210-522-2743
   Fax: 210-520-9935
   email: Dyoung@swri.edu
   Home Fax: 210-647-4325
     __________________________________________________________________

Z
     __________________________________________________________________

Return to IMAGE home page
     __________________________________________________________________

Curators


    Dr. E. V. Bell, II, ed.bell@gsfc.nasa.gov, +1-301-286-1187
    NSSDC, Mail Code 633, NASA Goddard Space Flight Center, Greenbelt, MD
    20771

    Dr. D. R. Williams dwilliam@nssdc.gsfc.nasa.gov, +1-301-286-1258
    NSSDC, Mail Code 633, NASA Goddard Space Flight Center, Greenbelt, MD
    20771

NASA Approval: J. L. Green, james.l.green@gsfc.nasa.gov
Rev. 2.0.4, 15 November 2001
